ID,Topico,Pergunta,Alt_A,Alt_B,Alt_C,Alt_D,Resposta_Correta,Explicacao,Sua_Resposta,Confianca,Data_Resposta
1,1. Planejar Ambiente,"Uma empresa de varejo deseja criar um ambiente de dados para armazenar e processar grandes volumes de dados de vendas, incluindo informações de clientes, pedidos e estoque. Eles precisam escolher um serviço de armazenamento de dados que seja escalável, seguro e compatível com suas necessidades de processamento de dados. Qual é a melhor opção para o serviço de armazenamento de dados nesse cenário?","Azure Blob Storage, pois é um serviço de armazenamento de objetos que pode armazenar grandes volumes de dados não estruturados","Azure Data Lake Storage, pois é um serviço de armazenamento de dados que é escalável, seguro e compatível com diversas ferramentas de processamento de dados","Azure File Storage, pois é um serviço de armazenamento de arquivos que pode ser usado para armazenar dados estruturados","Azure Queue Storage, pois é um serviço de armazenamento de filas que pode ser usado para armazenar mensagens de processamento de dados",B,"A resposta correta é Azure Data Lake Storage, pois é um serviço de armazenamento de dados que é projetado para armazenar grandes volumes de dados de forma escalável e segura. Além disso, é compatível com diversas ferramentas de processamento de dados, como Azure Databricks, Azure Synapse Analytics e Azure HDInsight, o que permite que a empresa de varejo processe e analise seus dados de forma eficaz. As outras opções não são adequadas para o cenário, pois o Azure Blob Storage é mais adequado para armazenar dados não estruturados, o Azure File Storage é mais adequado para armazenar dados estruturados e o Azure Queue Storage é mais adequado para armazenar mensagens de processamento de dados.",B,Confiante,2026-03-28
2,1. Planejar Ambiente,"Uma empresa de varejo deseja criar um ambiente de dados para armazenar e processar grandes volumes de dados de vendas, incluindo informações de clientes, pedidos e produtos. O objetivo é criar um sistema que possa lidar com a crescente demanda por dados em tempo real e também permitir a análise de tendências e padrões nos dados históricos. Qual é a melhor abordagem para planejar o ambiente de dados?",Utilizar um banco de dados relacional para armazenar todos os dados e realizar processamento em lote durante a noite,"Implementar um lake de dados para armazenar os dados brutos e utilizar serviços de processamento em tempo real, como Azure Stream Analytics, para lidar com os dados em tempo real",Criar um data warehouse para armazenar os dados agregados e utilizar ferramentas de business intelligence para análise,"Utilizar um serviço de armazenamento de objetos, como Azure Blob Storage, para armazenar todos os dados e realizar processamento em lotes usando Azure Functions",B,"A alternativa B é a resposta correta porque ela combina a capacidade de armazenar grandes volumes de dados brutos em um lake de dados com a capacidade de processar esses dados em tempo real usando serviços como Azure Stream Analytics. Isso permite à empresa lidar com a crescente demanda por dados em tempo real e também realizar análises de tendências e padrões nos dados históricos. A alternativa A é incorreta porque um banco de dados relacional pode não ser escalável o suficiente para lidar com grandes volumes de dados e o processamento em lote durante a noite pode não atender às necessidades de tempo real. A alternativa C é parcialmente correta, pois um data warehouse pode ser útil para armazenar dados agregados, mas não aborda a necessidade de processamento em tempo real. A alternativa D é incorreta porque, embora o armazenamento de objetos possa ser útil para armazenar dados, ele não é projetado para processamento em tempo real e o uso de Azure Functions para processamento em lotes pode não ser escalável o suficiente.",B,Pouco Confiante,2026-03-28
3,1. Planejar Ambiente,"Uma empresa de varejo está planejando migrar seu data warehouse para a nuvem e precisa escolher um provedor de serviços de nuvem. Eles têm uma grande quantidade de dados armazenados em bancos de dados relacionais e não relacionais, e precisam garantir que o provedor escolhido possa lidar com esses diferentes tipos de dados. Além disso, a empresa tem uma equipe de engenheiros de dados experientes em tecnologias Microsoft e deseja minimizar os custos de treinamento e integração. Considerando esses requisitos, qual é a melhor opção de provedor de serviços de nuvem para a empresa?","Amazon Web Services (AWS), devido à sua ampla gama de serviços de dados e flexibilidade em lidar com diferentes tipos de dados","Google Cloud Platform (GCP), devido à sua capacidade de lidar com grandes volumes de dados e sua integração com ferramentas de análise de dados avançadas","Microsoft Azure, devido à sua compatibilidade com tecnologias Microsoft e sua capacidade de lidar com bancos de dados relacionais e não relacionais","IBM Cloud, devido à sua experiência em serviços de nuvem empresariais e sua capacidade de lidar com cargas de trabalho complexas",C,"A resposta correta é C, Microsoft Azure, porque a empresa já tem uma equipe de engenheiros de dados experientes em tecnologias Microsoft, o que minimiza os custos de treinamento e integração. Além disso, o Azure oferece uma ampla gama de serviços de dados, incluindo Azure Synapse Analytics (anteriormente Azure SQL Data Warehouse) para bancos de dados relacionais e Azure Cosmos DB para bancos de dados não relacionais, o que atende aos requisitos da empresa em lidar com diferentes tipos de dados. Embora as outras opções sejam provedores de serviços de nuvem capazes, elas não oferecem a mesma compatibilidade e vantagens de custo que o Azure oferece para essa empresa específica.",C,Certeza,2026-03-28
4,1. Planejar Ambiente,Uma empresa de varejo está planejando um ambiente de engenharia de dados para lidar com grandes volumes de dados de vendas e clientes. Eles precisam de um sistema que possa processar e analisar esses dados em tempo real para melhorar a experiência do cliente e otimizar as operações. Qual é a melhor abordagem para planejar o ambiente de engenharia de dados?,Implantar um data warehouse centralizado no local para armazenar e processar todos os dados,"Utilizar um lago de dados baseado em nuvem, como o Azure Data Lake Storage, para armazenar dados brutos e processá-los conforme necessário","Desenvolver um sistema de processamento de fluxo de dados, como o Azure Stream Analytics, para processar dados em tempo real","Criar um hub de dados híbrido, utilizando uma combinação de armazenamento no local e na nuvem, para otimizar o acesso e o processamento de dados",D,"A resposta correta é a alternativa D, criar um hub de dados híbrido, pois essa abordagem permite que a empresa de varejo aproveite os benefícios de armazenar e processar dados tanto no local quanto na nuvem. Isso oferece flexibilidade, escalabilidade e a capacidade de lidar com diferentes tipos de dados e requisitos de processamento. A alternativa A é limitada, pois um data warehouse centralizado pode não ser capaz de lidar com grandes volumes de dados em tempo real. A alternativa B é parcialmente correta, pois um lago de dados é uma boa opção para armazenar dados brutos, mas pode não ser suficiente por si só para atender às necessidades de processamento em tempo real. A alternativa C é também parcialmente correta, pois o processamento de fluxo de dados é importante, mas não aborda a necessidade de armazenamento e gerenciamento de dados.",B,Certeza,2026-03-28
5,1. Planejar Ambiente,Uma empresa de varejo está planejando um ambiente de engenharia de dados para lidar com grandes volumes de dados de vendas e clientes. Eles precisam de um sistema que possa processar e analisar esses dados em tempo real para melhorar a experiência do cliente e otimizar as operações. Qual é a melhor abordagem para planejar o ambiente de engenharia de dados?,Implantar um data warehouse centralizado no local para armazenar e processar todos os dados,"Utilizar um lago de dados baseado em nuvem, como o Azure Data Lake Storage, para armazenar dados brutos e processá-los conforme necessário","Desenvolver um sistema de processamento de fluxo de dados, como o Azure Stream Analytics, para processar dados em tempo real","Criar um hub de dados híbrido, utilizando uma combinação de armazenamento no local e na nuvem, para otimizar o acesso e o processamento de dados",D,"A resposta correta é a alternativa D, criar um hub de dados híbrido, pois essa abordagem permite que a empresa de varejo aproveite os benefícios de armazenar e processar dados tanto no local quanto na nuvem. Isso oferece flexibilidade, escalabilidade e a capacidade de lidar com diferentes tipos de dados e requisitos de processamento. A alternativa A é limitada, pois um data warehouse centralizado pode não ser capaz de lidar com grandes volumes de dados em tempo real. A alternativa B é parcialmente correta, pois um lago de dados é uma boa opção para armazenar dados brutos, mas pode não ser suficiente por si só para atender às necessidades de processamento em tempo real. A alternativa C é também parcialmente correta, pois o processamento de fluxo de dados é importante, mas não aborda a necessidade de armazenamento e gerenciamento de dados.",B,Certeza,2026-03-28
6,1. Planejar Ambiente,Uma empresa de varejo deseja criar um ambiente de engenharia de dados para processar grande volumes de dados de vendas e clientes. Qual é o passo mais importante para planejar esse ambiente?,Definir o orçamento para a infraestrutura de dados,Identificar as necessidades de negócios e os requisitos dos dados,Escolher as ferramentas e tecnologias de engenharia de dados,Contratar um time de especialistas em engenharia de dados,B,"Antes de criar um ambiente de engenharia de dados, é fundamental entender as necessidades de negócios e os requisitos dos dados, pois isso ajudará a definir o escopo do projeto, as ferramentas necessárias e os recursos requeridos.",,,
7,1. Planejar Ambiente,Qual é o principal benefício de usar um provedor de nuvem para hospedar um ambiente de engenharia de dados?,Redução de custos de manutenção,Aumento da segurança dos dados,Flexibilidade e escalabilidade,Melhoria da performance dos dados,C,"Os provedores de nuvem oferecem flexibilidade e escalabilidade, permitindo que os ambientes de engenharia de dados sejam rapidamente ajustados para atender às necessidades cambiantes dos negócios, sem a necessidade de investir em hardware e infraestrutura física.",,,
8,1. Planejar Ambiente,Um time de engenharia de dados está planejando uma arquitetura de dados para um novo aplicativo. Qual é o fator mais importante a considerar ao escolher um modelo de armazenamento de dados?,O tamanho do armazenamento necessário,A velocidade de leitura e gravação dos dados,A complexidade dos dados e a necessidade de consultas,O custo do armazenamento por GB,C,"O modelo de armazenamento de dados deve ser escolhido com base na complexidade dos dados e na necessidade de consultas, pois isso afetará diretamente a performance e a escalabilidade do aplicativo.",,,
9,1. Planejar Ambiente,Qual é o objetivo principal de um plano de governança de dados em um ambiente de engenharia de dados?,Garantir a segurança e privacidade dos dados,Definir as políticas de uso e acesso aos dados,Melhorar a qualidade e integridade dos dados,Todas as alternativas anteriores,D,"Um plano de governança de dados visa garantir a segurança e privacidade dos dados, definir as políticas de uso e acesso aos dados e melhorar a qualidade e integridade dos dados, proporcionando uma abordagem holística para a gestão dos dados.",,,
10,1. Planejar Ambiente,Um time de engenharia de dados está planejando uma pipeline de dados para processar grandes volumes de dados. Qual é o fator mais importante a considerar ao escolher um motor de processamento de dados?,A capacidade de processamento por segundo,A compatibilidade com diferentes formatos de dados,A escalabilidade e flexibilidade do motor,O custo da licença do software,C,A escalabilidade e flexibilidade do motor de processamento de dados são fundamentais para lidar com grandes volumes de dados e garantir que a pipeline de dados possa ser adaptada às necessidades cambiantes dos negócios.,,,
11,1. Planejar Ambiente,Qual é o benefício de usar um catalogo de dados em um ambiente de engenharia de dados?,Melhoria da segurança dos dados,Aumento da performance dos dados,Fornecimento de uma visão centralizada dos dados,Redução dos custos de armazenamento de dados,C,"Um catalogo de dados fornece uma visão centralizada dos dados, permitindo que os usuários encontrem, entendam e acessem os dados de forma mais eficiente, melhorando a colaboração e a tomada de decisões.",,,
12,1. Planejar Ambiente,Um time de engenharia de dados está planejando um ambiente de desenvolvimento de dados. Qual é o fator mais importante a considerar ao escolher uma ferramenta de desenvolvimento de dados?,A capacidade de suportar diferentes linguagens de programação,A integração com outras ferramentas de desenvolvimento,A facilidade de uso e aprendizado,A capacidade de escalabilidade e flexibilidade,A,"A capacidade de suportar diferentes linguagens de programação é fundamental para um ambiente de desenvolvimento de dados, pois permite que os desenvolvedores usem as linguagens mais adequadas para as suas necessidades específicas.",,,
13,1. Planejar Ambiente,Qual é o objetivo principal de um plano de backup e recuperação de dados em um ambiente de engenharia de dados?,Garantir a segurança dos dados,Melhorar a performance dos dados,Prevenir perdas de dados e garantir a recuperação em caso de falha,Reduzir os custos de armazenamento de dados,C,"Um plano de backup e recuperação de dados visa prevenir perdas de dados e garantir a recuperação em caso de falha, minimizando o impacto de desastres e garantindo a continuidade dos negócios.",,,
14,1. Planejar Ambiente,Um time de engenharia de dados está planejando um ambiente de testes de dados. Qual é o fator mais importante a considerar ao escolher uma ferramenta de testes de dados?,A capacidade de simular diferentes cargas de trabalho,A integração com outras ferramentas de desenvolvimento,A facilidade de uso e aprendizado,A capacidade de automatizar testes de dados,A,"A capacidade de simular diferentes cargas de trabalho é fundamental para um ambiente de testes de dados, pois permite que os desenvolvedores testem a performance e a escalabilidade das soluções de dados em diferentes cenários.",,,
15,1. Planejar Ambiente,Qual é o benefício de usar um modelo de dados em um ambiente de engenharia de dados?,Melhoria da segurança dos dados,Aumento da performance dos dados,Fornecimento de uma estrutura para a organização dos dados,Redução dos custos de armazenamento de dados,C,"Um modelo de dados fornece uma estrutura para a organização dos dados, permitindo que os desenvolvedores criem soluções de dados mais eficientes e escaláveis, e melhorando a comunicação entre as equipes.",,,
16,1. Planejar Ambiente,Um time de engenharia de dados está planejando um ambiente de deploy de dados. Qual é o fator mais importante a considerar ao escolher uma ferramenta de deploy de dados?,A capacidade de automatizar o deploy de dados,A integração com outras ferramentas de desenvolvimento,A facilidade de uso e aprendizado,A capacidade de escalabilidade e flexibilidade,A,"A capacidade de automatizar o deploy de dados é fundamental para um ambiente de deploy de dados, pois permite que os desenvolvedores liberem as soluções de dados de forma rápida e confiável, minimizando o tempo de inatividade e melhorando a eficiência.",,,
17,1. Planejar Ambiente,Qual é o objetivo principal de um plano de monitoramento de dados em um ambiente de engenharia de dados?,Garantir a segurança dos dados,Melhorar a performance dos dados,Detectar e resolver problemas de dados em tempo real,Reduzir os custos de armazenamento de dados,C,"Um plano de monitoramento de dados visa detectar e resolver problemas de dados em tempo real, garantindo que as soluções de dados estejam funcionando corretamente e minimizando o impacto de falhas ou problemas.",,,
18,1. Planejar Ambiente,Um time de engenharia de dados está planejando um ambiente de armazenamento de dados. Qual é o fator mais importante a considerar ao escolher um sistema de armazenamento de dados?,A capacidade de armazenamento,A velocidade de leitura e gravação dos dados,A segurança e privacidade dos dados,A escalabilidade e flexibilidade do sistema,D,"A escalabilidade e flexibilidade do sistema de armazenamento de dados são fundamentais para um ambiente de armazenamento de dados, pois permitem que o sistema seja adaptado às necessidades cambiantes dos negócios e garantam que os dados estejam sempre disponíveis.",,,
19,1. Planejar Ambiente,Qual é o benefício de usar um serviço de dados em um ambiente de engenharia de dados?,Melhoria da segurança dos dados,Aumento da performance dos dados,Fornecimento de uma camada de abstração para os dados,Redução dos custos de armazenamento de dados,C,"Um serviço de dados fornece uma camada de abstração para os dados, permitindo que os desenvolvedores acessem os dados de forma mais fácil e segura, e melhorando a colaboração entre as equipes.",,,
20,1. Planejar Ambiente,Um time de engenharia de dados está planejando um ambiente de qualidade de dados. Qual é o fator mais importante a considerar ao escolher uma ferramenta de qualidade de dados?,A capacidade de detectar erros de dados,A integração com outras ferramentas de desenvolvimento,A facilidade de uso e aprendizado,A capacidade de automatizar a limpeza de dados,A,"A capacidade de detectar erros de dados é fundamental para um ambiente de qualidade de dados, pois permite que os desenvolvedores identifiquem e corrijam problemas de dados de forma eficiente, garantindo a precisão e confiabilidade dos dados.",,,
21,2. Ingestão de Dados,Uma empresa de varejo deseja ingerir dados de vendas de várias lojas para um data warehouse na nuvem. Qual é o melhor método para realizar essa ingestão de dados?,Utilizar o Azure Data Factory (ADF) com conectores de banco de dados,Utilizar o Azure Databricks com Apache Spark,Utilizar o Azure Functions com HTTP Request,Utilizar o Azure Storage com AzCopy,A,"O Azure Data Factory (ADF) é uma ferramenta de integração de dados que permite ingerir dados de várias fontes, incluindo bancos de dados, para um data warehouse na nuvem. É a opção mais adequada para essa tarefa.",,,
22,2. Ingestão de Dados,Um desenvolvedor de dados está tentando ingerir dados de um arquivo CSV armazenado no Azure Blob Storage para um Azure Synapse Analytics. Qual é o melhor método para realizar essa ingestão de dados?,Utilizar o Azure Data Factory (ADF) com o conector CSV,Utilizar o Azure Databricks com Apache Spark,Utilizar o Azure Functions com HTTP Request,Utilizar o Azure Storage com AzCopy,A,"O Azure Data Factory (ADF) é uma ferramenta de integração de dados que permite ingerir dados de várias fontes, incluindo arquivos CSV armazenados no Azure Blob Storage, para um Azure Synapse Analytics.",,,
23,2. Ingestão de Dados,Uma empresa de saúde deseja ingerir dados de pacientes de um sistema de registro de saúde eletrônica (EHR) para um data warehouse na nuvem. Qual é o melhor método para realizar essa ingestão de dados?,Utilizar o Azure API Management com API REST,Utilizar o Azure Data Factory (ADF) com conector de banco de dados,Utilizar o Azure Databricks com Apache Spark,Utilizar o Azure Functions com HTTP Request,B,"O Azure Data Factory (ADF) é uma ferramenta de integração de dados que permite ingerir dados de várias fontes, incluindo bancos de dados de EHR, para um data warehouse na nuvem.",,,
24,2. Ingestão de Dados,Um desenvolvedor de dados está tentando ingerir dados de um feed de dados em tempo real de um sistema de IoT para um Azure Cosmos DB. Qual é o melhor método para realizar essa ingestão de dados?,Utilizar o Azure Data Factory (ADF) com conector de IoT,Utilizar o Azure Databricks com Apache Spark,Utilizar o Azure Functions com HTTP Request,Utilizar o Azure Stream Analytics,D,O Azure Stream Analytics é uma ferramenta de processamento de dados em tempo real que permite ingerir dados de feeds de dados em tempo real de sistemas de IoT para um Azure Cosmos DB.,,,
25,2. Ingestão de Dados,Uma empresa de finanças deseja ingerir dados de transações financeiras de um sistema de gestão de transações para um data warehouse na nuvem. Qual é o melhor método para realizar essa ingestão de dados?,Utilizar o Azure Data Factory (ADF) com conector de banco de dados,Utilizar o Azure Databricks com Apache Spark,Utilizar o Azure Functions com HTTP Request,Utilizar o Azure Logic Apps com conector de banco de dados,A,"O Azure Data Factory (ADF) é uma ferramenta de integração de dados que permite ingerir dados de várias fontes, incluindo bancos de dados de transações financeiras, para um data warehouse na nuvem.",,,
26,2. Ingestão de Dados,Um desenvolvedor de dados está tentando ingerir dados de um arquivo JSON armazenado no Azure File Storage para um Azure Synapse Analytics. Qual é o melhor método para realizar essa ingestão de dados?,Utilizar o Azure Data Factory (ADF) com o conector JSON,Utilizar o Azure Databricks com Apache Spark,Utilizar o Azure Functions com HTTP Request,Utilizar o Azure Storage com AzCopy,A,"O Azure Data Factory (ADF) é uma ferramenta de integração de dados que permite ingerir dados de várias fontes, incluindo arquivos JSON armazenados no Azure File Storage, para um Azure Synapse Analytics.",,,
27,2. Ingestão de Dados,Uma empresa de varejo deseja ingerir dados de vendas de várias lojas para um Azure Cosmos DB. Qual é o melhor método para realizar essa ingestão de dados?,Utilizar o Azure Data Factory (ADF) com conector de banco de dados,Utilizar o Azure Databricks com Apache Spark,Utilizar o Azure Functions com HTTP Request,Utilizar o Azure Storage com AzCopy,A,"O Azure Data Factory (ADF) é uma ferramenta de integração de dados que permite ingerir dados de várias fontes, incluindo bancos de dados de vendas, para um Azure Cosmos DB.",,,
28,2. Ingestão de Dados,Um desenvolvedor de dados está tentando ingerir dados de um feed de dados em tempo real de um sistema de IoT para um Azure Storage. Qual é o melhor método para realizar essa ingestão de dados?,Utilizar o Azure Data Factory (ADF) com conector de IoT,Utilizar o Azure Databricks com Apache Spark,Utilizar o Azure Functions com HTTP Request,Utilizar o Azure Stream Analytics,D,O Azure Stream Analytics é uma ferramenta de processamento de dados em tempo real que permite ingerir dados de feeds de dados em tempo real de sistemas de IoT para um Azure Storage.,,,
29,2. Ingestão de Dados,Uma empresa de saúde deseja ingerir dados de pacientes de um sistema de registro de saúde eletrônica (EHR) para um Azure Storage. Qual é o melhor método para realizar essa ingestão de dados?,Utilizar o Azure API Management com API REST,Utilizar o Azure Data Factory (ADF) com conector de banco de dados,Utilizar o Azure Databricks com Apache Spark,Utilizar o Azure Functions com HTTP Request,B,"O Azure Data Factory (ADF) é uma ferramenta de integração de dados que permite ingerir dados de várias fontes, incluindo bancos de dados de EHR, para um Azure Storage.",,,
30,2. Ingestão de Dados,Um desenvolvedor de dados está tentando ingerir dados de um arquivo CSV armazenado no Azure Data Lake Storage para um Azure Synapse Analytics. Qual é o melhor método para realizar essa ingestão de dados?,Utilizar o Azure Data Factory (ADF) com o conector CSV,Utilizar o Azure Databricks com Apache Spark,Utilizar o Azure Functions com HTTP Request,Utilizar o Azure Storage com AzCopy,A,"O Azure Data Factory (ADF) é uma ferramenta de integração de dados que permite ingerir dados de várias fontes, incluindo arquivos CSV armazenados no Azure Data Lake Storage, para um Azure Synapse Analytics.",,,
31,2. Ingestão de Dados,Uma empresa de finanças deseja ingerir dados de transações financeiras de um sistema de gestão de transações para um Azure Cosmos DB. Qual é o melhor método para realizar essa ingestão de dados?,Utilizar o Azure Data Factory (ADF) com conector de banco de dados,Utilizar o Azure Databricks com Apache Spark,Utilizar o Azure Functions com HTTP Request,Utilizar o Azure Logic Apps com conector de banco de dados,A,"O Azure Data Factory (ADF) é uma ferramenta de integração de dados que permite ingerir dados de várias fontes, incluindo bancos de dados de transações financeiras, para um Azure Cosmos DB.",,,
32,2. Ingestão de Dados,Um desenvolvedor de dados está tentando ingerir dados de um feed de dados em tempo real de um sistema de IoT para um Azure Databricks. Qual é o melhor método para realizar essa ingestão de dados?,Utilizar o Azure Data Factory (ADF) com conector de IoT,Utilizar o Azure Databricks com Apache Spark,Utilizar o Azure Functions com HTTP Request,Utilizar o Azure Stream Analytics,D,O Azure Stream Analytics é uma ferramenta de processamento de dados em tempo real que permite ingerir dados de feeds de dados em tempo real de sistemas de IoT para um Azure Databricks.,,,
33,2. Ingestão de Dados,Uma empresa de varejo deseja ingerir dados de vendas de várias lojas para um Azure Storage. Qual é o melhor método para realizar essa ingestão de dados?,Utilizar o Azure Data Factory (ADF) com conector de banco de dados,Utilizar o Azure Databricks com Apache Spark,Utilizar o Azure Functions com HTTP Request,Utilizar o Azure Storage com AzCopy,A,"O Azure Data Factory (ADF) é uma ferramenta de integração de dados que permite ingerir dados de várias fontes, incluindo bancos de dados de vendas, para um Azure Storage.",,,
34,2. Ingestão de Dados,Um desenvolvedor de dados está tentando ingerir dados de um arquivo JSON armazenado no Azure Blob Storage para um Azure Cosmos DB. Qual é o melhor método para realizar essa ingestão de dados?,Utilizar o Azure Data Factory (ADF) com o conector JSON,Utilizar o Azure Databricks com Apache Spark,Utilizar o Azure Functions com HTTP Request,Utilizar o Azure Storage com AzCopy,A,"O Azure Data Factory (ADF) é uma ferramenta de integração de dados que permite ingerir dados de várias fontes, incluindo arquivos JSON armazenados no Azure Blob Storage, para um Azure Cosmos DB.",,,
35,2. Ingestão de Dados,Uma empresa de saúde deseja ingerir dados de pacientes de um sistema de registro de saúde eletrônica (EHR) para um Azure Databricks. Qual é o melhor método para realizar essa ingestão de dados?,Utilizar o Azure API Management com API REST,Utilizar o Azure Data Factory (ADF) com conector de banco de dados,Utilizar o Azure Databricks com Apache Spark,Utilizar o Azure Functions com HTTP Request,B,"O Azure Data Factory (ADF) é uma ferramenta de integração de dados que permite ingerir dados de várias fontes, incluindo bancos de dados de EHR, para um Azure Databricks.",,,
36,2. Ingestão de Dados,Um desenvolvedor de dados está tentando ingerir dados de um feed de dados em tempo real de um sistema de IoT para um Azure Synapse Analytics. Qual é o melhor método para realizar essa ingestão de dados?,Utilizar o Azure Data Factory (ADF) com conector de IoT,Utilizar o Azure Databricks com Apache Spark,Utilizar o Azure Functions com HTTP Request,Utilizar o Azure Stream Analytics,D,O Azure Stream Analytics é uma ferramenta de processamento de dados em tempo real que permite ingerir dados de feeds de dados em tempo real de sistemas de IoT para um Azure Synapse Analytics.,,,
37,2. Ingestão de Dados,Uma empresa de finanças deseja ingerir dados de transações financeiras de um sistema de gestão de transações para um Azure Databricks. Qual é o melhor método para realizar essa ingestão de dados?,Utilizar o Azure Data Factory (ADF) com conector de banco de dados,Utilizar o Azure Databricks com Apache Spark,Utilizar o Azure Functions com HTTP Request,Utilizar o Azure Logic Apps com conector de banco de dados,A,"O Azure Data Factory (ADF) é uma ferramenta de integração de dados que permite ingerir dados de várias fontes, incluindo bancos de dados de transações financeiras, para um Azure Databricks.",,,
38,2. Ingestão de Dados,Um desenvolvedor de dados está tentando ingerir dados de um arquivo CSV armazenado no Azure Data Lake Storage para um Azure Cosmos DB. Qual é o melhor método para realizar essa ingestão de dados?,Utilizar o Azure Data Factory (ADF) com o conector CSV,Utilizar o Azure Databricks com Apache Spark,Utilizar o Azure Functions com HTTP Request,Utilizar o Azure Storage com AzCopy,A,"O Azure Data Factory (ADF) é uma ferramenta de integração de dados que permite ingerir dados de várias fontes, incluindo arquivos CSV armazenados no Azure Data Lake Storage, para um Azure Cosmos DB.",,,
39,2. Ingestão de Dados,Uma empresa de varejo deseja ingerir dados de vendas de várias lojas para um Azure Databricks. Qual é o melhor método para realizar essa ingestão de dados?,Utilizar o Azure Data Factory (ADF) com conector de banco de dados,Utilizar o Azure Databricks com Apache Spark,Utilizar o Azure Functions com HTTP Request,Utilizar o Azure Storage com AzCopy,A,"O Azure Data Factory (ADF) é uma ferramenta de integração de dados que permite ingerir dados de várias fontes, incluindo bancos de dados de vendas, para um Azure Databricks.",,,
40,2. Ingestão de Dados,Um desenvolvedor de dados está tentando ingerir dados de um feed de dados em tempo real de um sistema de IoT para um Azure Storage. Qual é o melhor método para realizar essa ingestão de dados?,Utilizar o Azure Data Factory (ADF) com conector de IoT,Utilizar o Azure Databricks com Apache Spark,Utilizar o Azure Functions com HTTP Request,Utilizar o Azure Stream Analytics,D,O Azure Stream Analytics é uma ferramenta de processamento de dados em tempo real que permite ingerir dados de feeds de dados em tempo real de sistemas de IoT para um Azure Storage.,,,
41,3. Transformação Spark,"Um engenheiro de dados está trabalhando com Apache Spark para transformar um conjunto de dados de vendas. O conjunto de dados contém informações sobre o produto, o preço e a quantidade vendida. O engenheiro precisa calcular o total de vendas para cada produto e ordenar os produtos por suas vendas totais em ordem decrescente. Qual é a melhor abordagem para realizar essa tarefa usando Spark?","Usar o método groupBy() para agrupar os dados por produto e calcular o total de vendas, seguido pelo método sortBy() para ordenar os resultados","Usar o método map() para calcular o total de vendas para cada linha e, em seguida, usar o método reduce() para combinar os resultados","Usar o método filter() para selecionar apenas as linhas com vendas não nulas e, em seguida, usar o método aggregate() para calcular o total de vendas","Usar o método join() para combinar os dados de vendas com um conjunto de dados de produtos e, em seguida, usar o método groupBy() para calcular o total de vendas",A,"A resposta correta é A porque o método groupBy() é o mais adequado para agrupar os dados por produto e calcular o total de vendas. Em seguida, o método sortBy() pode ser usado para ordenar os resultados em ordem decrescente. As outras alternativas não são as mais eficientes ou práticas para realizar essa tarefa.",,,
42,3. Transformação Spark,"Um desenvolvedor está trabalhando com Spark SQL para transformar um conjunto de dados de clientes. O conjunto de dados contém informações sobre o nome do cliente, o endereço e a idade. O desenvolvedor precisa criar uma nova coluna que indique se o cliente é maior de idade (mais de 18 anos) ou não. Qual é a melhor maneira de realizar essa tarefa?",Usar o método withColumn() do DataFrame para adicionar uma nova coluna com uma expressão que verifica a idade do cliente,Usar o método select() do DataFrame para selecionar as colunas existentes e adicionar uma nova coluna com uma expressão que verifica a idade do cliente,Usar o método filter() do DataFrame para selecionar apenas as linhas onde a idade do cliente é maior que 18 anos,"Usar o método groupBy() do DataFrame para agrupar os dados por idade e, em seguida, usar o método agg() para calcular a média da idade",A,"A resposta correta é A porque o método withColumn() é o mais adequado para adicionar uma nova coluna a um DataFrame existente. Nesse caso, a expressão pode verificar se a idade do cliente é maior que 18 anos e retornar um valor booleano ou uma string que indique se o cliente é maior de idade ou não.",,,
43,3. Transformação Spark,Um cientista de dados está trabalhando com Spark MLlib para realizar uma análise de clusterização em um conjunto de dados de clientes. O conjunto de dados contém informações sobre o comportamento de compra dos clientes. O cientista precisa aplicar o algoritmo de clusterização K-Means para identificar grupos de clientes com comportamentos semelhantes. Qual é a melhor maneira de realizar essa tarefa?,"Usar o método KMeans() do MLlib para criar um modelo de clusterização e, em seguida, usar o método fit() para treinar o modelo com os dados","Usar o método HierarchicalClustering() do MLlib para criar um modelo de clusterização hierárquico e, em seguida, usar o método fit() para treinar o modelo com os dados","Usar o método DBSCAN() do MLlib para criar um modelo de clusterização baseado em densidade e, em seguida, usar o método fit() para treinar o modelo com os dados","Usar o método GaussianMixture() do MLlib para criar um modelo de mistura de gaussianas e, em seguida, usar o método fit() para treinar o modelo com os dados",A,"A resposta correta é A porque o algoritmo K-Means é um dos mais comuns e eficazes para realizar análise de clusterização. O método KMeans() do MLlib permite criar um modelo de clusterização K-Means e treinar o modelo com os dados usando o método fit(). As outras alternativas também podem ser usadas para clusterização, mas K-Means é a mais adequada para essa tarefa específica.",,,
44,3. Transformação Spark,"Um engenheiro de dados está trabalhando com Spark para transformar um conjunto de dados de logs de acesso a um site. O conjunto de dados contém informações sobre o endereço IP do visitante, a data e a hora do acesso, e a página acessada. O engenheiro precisa calcular o número de acessos únicos por página e ordenar as páginas por seu número de acessos únicos em ordem decrescente. Qual é a melhor abordagem para realizar essa tarefa usando Spark?","Usar o método groupBy() para agrupar os dados por página e calcular o número de acessos únicos, seguido pelo método sortBy() para ordenar os resultados","Usar o método map() para calcular o número de acessos únicos para cada linha e, em seguida, usar o método reduce() para combinar os resultados","Usar o método filter() para selecionar apenas as linhas com acessos únicos e, em seguida, usar o método aggregate() para calcular o número de acessos únicos","Usar o método join() para combinar os dados de logs com um conjunto de dados de páginas e, em seguida, usar o método groupBy() para calcular o número de acessos únicos",A,"A resposta correta é A porque o método groupBy() é o mais adequado para agrupar os dados por página e calcular o número de acessos únicos. Em seguida, o método sortBy() pode ser usado para ordenar os resultados em ordem decrescente. As outras alternativas não são as mais eficientes ou práticas para realizar essa tarefa.",,,
45,3. Transformação Spark,"Um desenvolvedor está trabalhando com Spark SQL para transformar um conjunto de dados de vendas. O conjunto de dados contém informações sobre o produto, o preço e a quantidade vendida. O desenvolvedor precisa criar uma nova coluna que calcule o valor total da venda para cada linha. Qual é a melhor maneira de realizar essa tarefa?",Usar o método withColumn() do DataFrame para adicionar uma nova coluna com uma expressão que multiplique o preço pela quantidade vendida,Usar o método select() do DataFrame para selecionar as colunas existentes e adicionar uma nova coluna com uma expressão que some o preço e a quantidade vendida,Usar o método filter() do DataFrame para selecionar apenas as linhas onde a quantidade vendida é maior que zero,"Usar o método groupBy() do DataFrame para agrupar os dados por produto e, em seguida, usar o método agg() para calcular a média do preço",A,"A resposta correta é A porque o método withColumn() é o mais adequado para adicionar uma nova coluna a um DataFrame existente. Nesse caso, a expressão pode multiplicar o preço pela quantidade vendida para calcular o valor total da venda para cada linha.",,,
46,3. Transformação Spark,"Um cientista de dados está trabalhando com Spark MLlib para realizar uma análise de regressão linear em um conjunto de dados de preços de casas. O conjunto de dados contém informações sobre o número de quartos, o tamanho da casa e o preço. O cientista precisa aplicar o algoritmo de regressão linear para prever o preço de uma casa com base nas características da casa. Qual é a melhor maneira de realizar essa tarefa?","Usar o método LinearRegression() do MLlib para criar um modelo de regressão linear e, em seguida, usar o método fit() para treinar o modelo com os dados","Usar o método LogisticRegression() do MLlib para criar um modelo de regressão logística e, em seguida, usar o método fit() para treinar o modelo com os dados","Usar o método DecisionTreeRegression() do MLlib para criar um modelo de regressão baseado em árvore de decisão e, em seguida, usar o método fit() para treinar o modelo com os dados","Usar o método RandomForestRegression() do MLlib para criar um modelo de regressão baseado em floresta aleatória e, em seguida, usar o método fit() para treinar o modelo com os dados",A,"A resposta correta é A porque o algoritmo de regressão linear é o mais adequado para prever valores contínuos, como o preço de uma casa. O método LinearRegression() do MLlib permite criar um modelo de regressão linear e treinar o modelo com os dados usando o método fit(). As outras alternativas também podem ser usadas para regressão, mas a regressão linear é a mais adequada para essa tarefa específica.",,,
47,3. Transformação Spark,"Um engenheiro de dados está trabalhando com Spark para transformar um conjunto de dados de logs de erro. O conjunto de dados contém informações sobre o tipo de erro, a data e a hora do erro, e a mensagem de erro. O engenheiro precisa calcular o número de erros por tipo e ordenar os tipos de erro por seu número de ocorrências em ordem decrescente. Qual é a melhor abordagem para realizar essa tarefa usando Spark?","Usar o método groupBy() para agrupar os dados por tipo de erro e calcular o número de ocorrências, seguido pelo método sortBy() para ordenar os resultados","Usar o método map() para calcular o número de ocorrências para cada linha e, em seguida, usar o método reduce() para combinar os resultados","Usar o método filter() para selecionar apenas as linhas com erros e, em seguida, usar o método aggregate() para calcular o número de ocorrências","Usar o método join() para combinar os dados de logs com um conjunto de dados de tipos de erro e, em seguida, usar o método groupBy() para calcular o número de ocorrências",A,"A resposta correta é A porque o método groupBy() é o mais adequado para agrupar os dados por tipo de erro e calcular o número de ocorrências. Em seguida, o método sortBy() pode ser usado para ordenar os resultados em ordem decrescente. As outras alternativas não são as mais eficientes ou práticas para realizar essa tarefa.",,,
48,3. Transformação Spark,"Um desenvolvedor está trabalhando com Spark SQL para transformar um conjunto de dados de clientes. O conjunto de dados contém informações sobre o nome do cliente, o endereço e a idade. O desenvolvedor precisa criar uma nova coluna que indique se o cliente é de uma região específica com base no endereço. Qual é a melhor maneira de realizar essa tarefa?",Usar o método withColumn() do DataFrame para adicionar uma nova coluna com uma expressão que extraia a região do endereço,Usar o método select() do DataFrame para selecionar as colunas existentes e adicionar uma nova coluna com uma expressão que some a região e o endereço,Usar o método filter() do DataFrame para selecionar apenas as linhas onde a região é igual a uma região específica,"Usar o método groupBy() do DataFrame para agrupar os dados por região e, em seguida, usar o método agg() para calcular a média da idade",A,"A resposta correta é A porque o método withColumn() é o mais adequado para adicionar uma nova coluna a um DataFrame existente. Nesse caso, a expressão pode extrair a região do endereço e retornar um valor que indique se o cliente é de uma região específica ou não.",,,
49,3. Transformação Spark,Um cientista de dados está trabalhando com Spark MLlib para realizar uma análise de clasificação em um conjunto de dados de clientes. O conjunto de dados contém informações sobre o comportamento de compra dos clientes. O cientista precisa aplicar o algoritmo de clasificação para prever se um cliente é um cliente valioso ou não. Qual é a melhor maneira de realizar essa tarefa?,"Usar o método LogisticRegression() do MLlib para criar um modelo de clasificação e, em seguida, usar o método fit() para treinar o modelo com os dados","Usar o método DecisionTreeClassification() do MLlib para criar um modelo de clasificação baseado em árvore de decisão e, em seguida, usar o método fit() para treinar o modelo com os dados","Usar o método RandomForestClassification() do MLlib para criar um modelo de clasificação baseado em floresta aleatória e, em seguida, usar o método fit() para treinar o modelo com os dados","Usar o método GradientBoostingClassification() do MLlib para criar um modelo de clasificação baseado em boosting de gradiente e, em seguida, usar o método fit() para treinar o modelo com os dados",A,"A resposta correta é A porque o algoritmo de clasificação logística é um dos mais comuns e eficazes para realizar análise de clasificação. O método LogisticRegression() do MLlib permite criar um modelo de clasificação e treinar o modelo com os dados usando o método fit(). As outras alternativas também podem ser usadas para clasificação, mas a clasificação logística é a mais adequada para essa tarefa específica.",,,
50,3. Transformação Spark,"Um engenheiro de dados está trabalhando com Spark para transformar um conjunto de dados de logs de acesso a um site. O conjunto de dados contém informações sobre o endereço IP do visitante, a data e a hora do acesso, e a página acessada. O engenheiro precisa calcular o número de acessos por página e ordenar as páginas por seu número de acessos em ordem decrescente. Qual é a melhor abordagem para realizar essa tarefa usando Spark?","Usar o método groupBy() para agrupar os dados por página e calcular o número de acessos, seguido pelo método sortBy() para ordenar os resultados","Usar o método map() para calcular o número de acessos para cada linha e, em seguida, usar o método reduce() para combinar os resultados","Usar o método filter() para selecionar apenas as linhas com acessos e, em seguida, usar o método aggregate() para calcular o número de acessos","Usar o método join() para combinar os dados de logs com um conjunto de dados de páginas e, em seguida, usar o método groupBy() para calcular o número de acessos",A,"A resposta correta é A porque o método groupBy() é o mais adequado para agrupar os dados por página e calcular o número de acessos. Em seguida, o método sortBy() pode ser usado para ordenar os resultados em ordem decrescente. As outras alternativas não são as mais eficientes ou práticas para realizar essa tarefa.",,,
51,3. Transformação Spark,"Um desenvolvedor está trabalhando com Spark SQL para transformar um conjunto de dados de vendas. O conjunto de dados contém informações sobre o produto, o preço e a quantidade vendida. O desenvolvedor precisa criar uma nova coluna que calcule o valor total da venda para cada linha. Qual é a melhor maneira de realizar essa tarefa?",Usar o método withColumn() do DataFrame para adicionar uma nova coluna com uma expressão que multiplique o preço pela quantidade vendida,Usar o método select() do DataFrame para selecionar as colunas existentes e adicionar uma nova coluna com uma expressão que some o preço e a quantidade vendida,Usar o método filter() do DataFrame para selecionar apenas as linhas onde a quantidade vendida é maior que zero,"Usar o método groupBy() do DataFrame para agrupar os dados por produto e, em seguida, usar o método agg() para calcular a média do preço",A,"A resposta correta é A porque o método withColumn() é o mais adequado para adicionar uma nova coluna a um DataFrame existente. Nesse caso, a expressão pode multiplicar o preço pela quantidade vendida para calcular o valor total da venda para cada linha.",,,
52,3. Transformação Spark,Uma empresa de varejo está migrando seu sistema de processamento de dados para o Azure Databricks utilizando Spark. Eles têm um grande conjunto de dados que precisam ser processados em lotes e em tempo real. Qual é a melhor abordagem para implementar a transformação de dados utilizando o Spark?,Utilizar o Spark Core para processamento de dados em lotes e o Spark Streaming para processamento em tempo real,Utilizar o Spark SQL para processamento de dados em lotes e o Spark MLlib para processamento em tempo real,Utilizar o Spark Structured Streaming para processamento de dados em tempo real e o Spark Batch para processamento de dados em lotes,Utilizar o Spark GraphX para processamento de dados em lotes e o Spark Streaming para processamento em tempo real,C,"A resposta correta é C, pois o Spark Structured Streaming é projetado para processamento de dados em tempo real e fornece uma API simples e unificada para processamento de dados em lotes e em tempo real. O Spark Batch é uma abordagem para processamento de dados em lotes que permite a execução de trabalhos de processamento de dados em lote de forma eficiente.",,,
53,3. Transformação Spark,Um desenvolvedor de dados está trabalhando com um conjunto de dados grande e complexo em um cluster Spark. Ele precisa realizar uma operação de agrupamento e contar o número de ocorrências de cada valor em uma coluna específica. Qual é a melhor maneira de realizar essa operação utilizando o Spark?,Utilizar o método groupBy() e count() em um DataFrame,Utilizar o método reduceByKey() em um RDD,Utilizar o método aggregate() em um DataFrame,Utilizar o método mapReduce() em um RDD,A,"A resposta correta é A, pois o método groupBy() e count() em um DataFrame é a maneira mais simples e eficiente de realizar uma operação de agrupamento e contar o número de ocorrências de cada valor em uma coluna específica.",,,
54,3. Transformação Spark,Um engenheiro de dados está trabalhando com um conjunto de dados que contém informações sobre transações financeiras. Ele precisa realizar uma operação de juntar dois DataFrames com base em uma coluna comum. Qual é a melhor maneira de realizar essa operação utilizando o Spark?,Utilizar o método join() com a opção 'inner' em um DataFrame,Utilizar o método union() em um DataFrame,Utilizar o método intersect() em um DataFrame,Utilizar o método except() em um DataFrame,A,"A resposta correta é A, pois o método join() com a opção 'inner' em um DataFrame é a maneira mais comum de juntar dois DataFrames com base em uma coluna comum.",,,
55,3. Transformação Spark,Um cientista de dados está trabalhando com um conjunto de dados que contém informações sobre comportamento de usuários. Ele precisa realizar uma operação de filtrar os dados com base em uma condição específica. Qual é a melhor maneira de realizar essa operação utilizando o Spark?,Utilizar o método filter() em um DataFrame,Utilizar o método where() em um DataFrame,Utilizar o método select() em um DataFrame,Utilizar o método drop() em um DataFrame,A,"A resposta correta é A, pois o método filter() em um DataFrame é a maneira mais simples e eficiente de realizar uma operação de filtrar os dados com base em uma condição específica.",,,
56,3. Transformação Spark,Um desenvolvedor de dados está trabalhando com um conjunto de dados que contém informações sobre vendas de produtos. Ele precisa realizar uma operação de ordenar os dados com base em uma coluna específica. Qual é a melhor maneira de realizar essa operação utilizando o Spark?,Utilizar o método sort() em um DataFrame,Utilizar o método orderBy() em um DataFrame,Utilizar o método groupBy() em um DataFrame,Utilizar o método aggregate() em um DataFrame,B,"A resposta correta é B, pois o método orderBy() em um DataFrame é a maneira mais simples e eficiente de realizar uma operação de ordenar os dados com base em uma coluna específica.",,,
57,3. Transformação Spark,Um engenheiro de dados está trabalhando com um conjunto de dados que contém informações sobre tráfego de rede. Ele precisa realizar uma operação de processar os dados em tempo real utilizando o Spark. Qual é a melhor maneira de realizar essa operação?,Utilizar o Spark Streaming com fontes de dados como Kafka ou Flume,Utilizar o Spark Batch com um agendador como o Apache Airflow,Utilizar o Spark SQL com uma tabela temporária,Utilizar o Spark MLlib com um modelo de machine learning,A,"A resposta correta é A, pois o Spark Streaming é projetado para processar dados em tempo real e fornece uma API simples e unificada para processamento de dados em tempo real.",,,
58,3. Transformação Spark,Um cientista de dados está trabalhando com um conjunto de dados que contém informações sobre comportamento de usuários. Ele precisa realizar uma operação de realizar uma análise de dados utilizando o Spark. Qual é a melhor maneira de realizar essa operação?,Utilizar o Spark SQL com consultas SQL,Utilizar o Spark MLlib com algoritmos de machine learning,Utilizar o Spark GraphX com algoritmos de grafos,Utilizar o Spark Core com programação imperativa,A,"A resposta correta é A, pois o Spark SQL fornece uma API simples e unificada para realizar análises de dados utilizando consultas SQL.",,,
59,3. Transformação Spark,Um desenvolvedor de dados está trabalhando com um conjunto de dados que contém informações sobre vendas de produtos. Ele precisa realizar uma operação de realizar uma agregação de dados utilizando o Spark. Qual é a melhor maneira de realizar essa operação?,Utilizar o método groupBy() e aggregate() em um DataFrame,Utilizar o método reduceByKey() em um RDD,Utilizar o método mapReduce() em um RDD,Utilizar o método sortByKey() em um RDD,A,"A resposta correta é A, pois o método groupBy() e aggregate() em um DataFrame é a maneira mais simples e eficiente de realizar uma operação de agregação de dados.",,,
60,3. Transformação Spark,Um engenheiro de dados está trabalhando com um conjunto de dados que contém informações sobre tráfego de rede. Ele precisa realizar uma operação de realizar uma junção de dois DataFrames utilizando o Spark. Qual é a melhor maneira de realizar essa operação?,Utilizar o método join() com a opção 'inner' em um DataFrame,Utilizar o método union() em um DataFrame,Utilizar o método intersect() em um DataFrame,Utilizar o método except() em um DataFrame,A,"A resposta correta é A, pois o método join() com a opção 'inner' em um DataFrame é a maneira mais comum de realizar uma junção de dois DataFrames.",,,
61,3. Transformação Spark,Um cientista de dados está trabalhando com um conjunto de dados que contém informações sobre comportamento de usuários. Ele precisa realizar uma operação de realizar uma filtragem de dados utilizando o Spark. Qual é a melhor maneira de realizar essa operação?,Utilizar o método filter() em um DataFrame,Utilizar o método where() em um DataFrame,Utilizar o método select() em um DataFrame,Utilizar o método drop() em um DataFrame,A,"A resposta correta é A, pois o método filter() em um DataFrame é a maneira mais simples e eficiente de realizar uma operação de filtragem de dados.",,,
62,3. Transformação Spark,Um desenvolvedor de dados está trabalhando com um conjunto de dados que contém informações sobre vendas de produtos. Ele precisa realizar uma operação de realizar uma ordenação de dados utilizando o Spark. Qual é a melhor maneira de realizar essa operação?,Utilizar o método sort() em um DataFrame,Utilizar o método orderBy() em um DataFrame,Utilizar o método groupBy() em um DataFrame,Utilizar o método aggregate() em um DataFrame,B,"A resposta correta é B, pois o método orderBy() em um DataFrame é a maneira mais simples e eficiente de realizar uma operação de ordenação de dados.",,,
63,3. Transformação Spark,Um engenheiro de dados está trabalhando com um conjunto de dados que contém informações sobre tráfego de rede. Ele precisa realizar uma operação de realizar uma agregação de dados em tempo real utilizando o Spark. Qual é a melhor maneira de realizar essa operação?,Utilizar o Spark Streaming com o método aggregate() em um DataFrame,Utilizar o Spark Batch com o método groupBy() em um DataFrame,Utilizar o Spark SQL com o método select() em um DataFrame,Utilizar o Spark MLlib com o método train() em um modelo de machine learning,A,"A resposta correta é A, pois o Spark Streaming é projetado para processar dados em tempo real e fornece uma API simples e unificada para realizar operações de agregação de dados em tempo real.",,,
64,3. Transformação Spark,Um cientista de dados está trabalhando com um conjunto de dados que contém informações sobre comportamento de usuários. Ele precisa realizar uma operação de realizar uma junção de dois DataFrames em tempo real utilizando o Spark. Qual é a melhor maneira de realizar essa operação?,Utilizar o Spark Streaming com o método join() em um DataFrame,Utilizar o Spark Batch com o método union() em um DataFrame,Utilizar o Spark SQL com o método intersect() em um DataFrame,Utilizar o Spark MLlib com o método predict() em um modelo de machine learning,A,"A resposta correta é A, pois o Spark Streaming é projetado para processar dados em tempo real e fornece uma API simples e unificada para realizar operações de junção de dados em tempo real.",,,
65,3. Transformação Spark,Um desenvolvedor de dados está trabalhando com um conjunto de dados que contém informações sobre vendas de produtos. Ele precisa realizar uma operação de realizar uma filtragem de dados em tempo real utilizando o Spark. Qual é a melhor maneira de realizar essa operação?,Utilizar o Spark Streaming com o método filter() em um DataFrame,Utilizar o Spark Batch com o método where() em um DataFrame,Utilizar o Spark SQL com o método select() em um DataFrame,Utilizar o Spark MLlib com o método train() em um modelo de machine learning,A,"A resposta correta é A, pois o Spark Streaming é projetado para processar dados em tempo real e fornece uma API simples e unificada para realizar operações de filtragem de dados em tempo real.",,,
66,3. Transformação Spark,Um engenheiro de dados está trabalhando com um conjunto de dados que contém informações sobre tráfego de rede. Ele precisa realizar uma operação de realizar uma ordenação de dados em tempo real utilizando o Spark. Qual é a melhor maneira de realizar essa operação?,Utilizar o Spark Streaming com o método orderBy() em um DataFrame,Utilizar o Spark Batch com o método sort() em um DataFrame,Utilizar o Spark SQL com o método select() em um DataFrame,Utilizar o Spark MLlib com o método predict() em um modelo de machine learning,A,"A resposta correta é A, pois o Spark Streaming é projetado para processar dados em tempo real e fornece uma API simples e unificada para realizar operações de ordenação de dados em tempo real.",,,
67,3. Transformação Spark,Um cientista de dados está trabalhando com um conjunto de dados que contém informações sobre comportamento de usuários. Ele precisa realizar uma operação de realizar uma agregação de dados em um DataFrame utilizando o Spark. Qual é a melhor maneira de realizar essa operação?,Utilizar o método groupBy() e aggregate() em um DataFrame,Utilizar o método reduceByKey() em um RDD,Utilizar o método mapReduce() em um RDD,Utilizar o método sortByKey() em um RDD,A,"A resposta correta é A, pois o método groupBy() e aggregate() em um DataFrame é a maneira mais simples e eficiente de realizar uma operação de agregação de dados.",,,
68,3. Transformação Spark,Um desenvolvedor de dados está trabalhando com um conjunto de dados que contém informações sobre vendas de produtos. Ele precisa realizar uma operação de realizar uma junção de dois DataFrames utilizando o Spark. Qual é a melhor maneira de realizar essa operação?,Utilizar o método join() com a opção 'inner' em um DataFrame,Utilizar o método union() em um DataFrame,Utilizar o método intersect() em um DataFrame,Utilizar o método except() em um DataFrame,A,"A resposta correta é A, pois o método join() com a opção 'inner' em um DataFrame é a maneira mais comum de realizar uma junção de dois DataFrames.",,,
69,3. Transformação Spark,Um engenheiro de dados está trabalhando com um conjunto de dados que contém informações sobre tráfego de rede. Ele precisa realizar uma operação de realizar uma filtragem de dados utilizando o Spark. Qual é a melhor maneira de realizar essa operação?,Utilizar o método filter() em um DataFrame,Utilizar o método where() em um DataFrame,Utilizar o método select() em um DataFrame,Utilizar o método drop() em um DataFrame,A,"A resposta correta é A, pois o método filter() em um DataFrame é a maneira mais simples e eficiente de realizar uma operação de filtragem de dados.",,,
70,3. Transformação Spark,Um cientista de dados está trabalhando com um conjunto de dados que contém informações sobre comportamento de usuários. Ele precisa realizar uma operação de realizar uma ordenação de dados utilizando o Spark. Qual é a melhor maneira de realizar essa operação?,Utilizar o método sort() em um DataFrame,Utilizar o método orderBy() em um DataFrame,Utilizar o método groupBy() em um DataFrame,Utilizar o método aggregate() em um DataFrame,B,"A resposta correta é B, pois o método orderBy() em um DataFrame é a maneira mais simples e eficiente de realizar uma operação de ordenação de dados.",,,
71,4. Modelagem Direct Lake,Um engenheiro de dados está projetando um modelo de dados para armazenar informações de clientes em um lago de dados. Qual é o principal benefício de usar um modelo de dados normalizado em um lago de dados?,Melhorar a segurança dos dados,Reduzir o custo de armazenamento,Aumentar a flexibilidade e a escalabilidade,Simplificar a consulta de dados,C,"Um modelo de dados normalizado em um lago de dados permite uma melhor flexibilidade e escalabilidade, pois facilita a adição de novos dados e a evolução do modelo à medida que as necessidades do negócio mudam.",,,
72,4. Modelagem Direct Lake,Um time de engenharia de dados está trabalhando em um projeto de lago de dados e precisa decidir sobre a granularidade dos dados a serem armazenados. Qual é o principal fator a considerar ao decidir a granularidade dos dados em um lago de dados?,O tamanho do armazenamento disponível,A frequência de atualização dos dados,As necessidades de relatórios e análise do negócio,A complexidade do esquema de dados,C,"A granularidade dos dados em um lago de dados deve ser determinada pelas necessidades de relatórios e análise do negócio, pois isso garante que os dados sejam suficientemente detalhados para atender às necessidades de tomada de decisão.",,,
73,4. Modelagem Direct Lake,Um engenheiro de dados está projetando um modelo de dados para um lago de dados que armazena informações de vendas. Qual é o benefício de usar um modelo de dados denormalizado em um lago de dados?,Melhorar a integridade dos dados,Reduzir o custo de armazenamento,Aumentar a performance de consulta,Simplificar a manutenção do esquema de dados,C,"Um modelo de dados denormalizado em um lago de dados pode melhorar a performance de consulta, pois reduz a necessidade de joins e outras operações de consulta complexas.",,,
74,4. Modelagem Direct Lake,Um time de engenharia de dados está trabalhando em um projeto de lago de dados e precisa decidir sobre a utilização de um esquema de dados fixo ou flexível. Qual é o principal benefício de usar um esquema de dados flexível em um lago de dados?,Melhorar a segurança dos dados,Reduzir o custo de armazenamento,Aumentar a flexibilidade e a capacidade de adaptação a mudanças nos dados,Simplificar a manutenção do esquema de dados,C,"Um esquema de dados flexível em um lago de dados permite uma melhor flexibilidade e capacidade de adaptação a mudanças nos dados, pois facilita a adição de novos campos ou a modificação de campos existentes sem afetar a estrutura geral do esquema.",,,
75,4. Modelagem Direct Lake,Um engenheiro de dados está projetando um modelo de dados para um lago de dados que armazena informações de clientes. Qual é o benefício de usar um modelo de dados orientado a grafos em um lago de dados?,Melhorar a performance de consulta,Reduzir o custo de armazenamento,Aumentar a capacidade de modelar relacionamentos complexos entre os dados,Simplificar a manutenção do esquema de dados,C,"Um modelo de dados orientado a grafos em um lago de dados permite uma melhor capacidade de modelar relacionamentos complexos entre os dados, pois facilita a representação de relações entre entidades e a navegação através dessas relações.",,,
76,4. Modelagem Direct Lake,Um time de engenharia de dados está trabalhando em um projeto de lago de dados e precisa decidir sobre a utilização de um modelo de dados relacional ou NoSQL. Qual é o principal benefício de usar um modelo de dados NoSQL em um lago de dados?,Melhorar a segurança dos dados,Reduzir o custo de armazenamento,Aumentar a flexibilidade e a capacidade de lidar com dados não estruturados,Simplificar a manutenção do esquema de dados,C,"Um modelo de dados NoSQL em um lago de dados permite uma melhor flexibilidade e capacidade de lidar com dados não estruturados, pois facilita o armazenamento e a consulta de dados que não se encaixam em um esquema de dados relacional tradicional.",,,
77,4. Modelagem Direct Lake,Um engenheiro de dados está projetando um modelo de dados para um lago de dados que armazena informações de logs de sistema. Qual é o benefício de usar um modelo de dados de série temporal em um lago de dados?,Melhorar a performance de consulta,Reduzir o custo de armazenamento,Aumentar a capacidade de armazenar e consultar dados de série temporal,Simplificar a manutenção do esquema de dados,C,"Um modelo de dados de série temporal em um lago de dados permite uma melhor capacidade de armazenar e consultar dados de série temporal, pois facilita a representação e a análise de dados que variam ao longo do tempo.",,,
78,4. Modelagem Direct Lake,Um time de engenharia de dados está trabalhando em um projeto de lago de dados e precisa decidir sobre a utilização de um modelo de dados de dados mestres. Qual é o principal benefício de usar um modelo de dados de dados mestres em um lago de dados?,Melhorar a segurança dos dados,Reduzir o custo de armazenamento,Aumentar a consistência e a qualidade dos dados,Simplificar a manutenção do esquema de dados,C,"Um modelo de dados de dados mestres em um lago de dados permite uma melhor consistência e qualidade dos dados, pois facilita a definição e a manutenção de dados mestres que são compartilhados por toda a organização.",,,
79,4. Modelagem Direct Lake,Um engenheiro de dados está projetando um modelo de dados para um lago de dados que armazena informações de vendas. Qual é o benefício de usar um modelo de dados de dados de referência em um lago de dados?,Melhorar a performance de consulta,Reduzir o custo de armazenamento,Aumentar a capacidade de armazenar e consultar dados de referência,Simplificar a manutenção do esquema de dados,C,"Um modelo de dados de dados de referência em um lago de dados permite uma melhor capacidade de armazenar e consultar dados de referência, pois facilita a representação e a análise de dados que são usados como referência para outras análises.",,,
80,4. Modelagem Direct Lake,Um time de engenharia de dados está trabalhando em um projeto de lago de dados e precisa decidir sobre a utilização de um modelo de dados de dados transacionais. Qual é o principal benefício de usar um modelo de dados de dados transacionais em um lago de dados?,Melhorar a segurança dos dados,Reduzir o custo de armazenamento,Aumentar a capacidade de armazenar e consultar dados transacionais,Simplificar a manutenção do esquema de dados,C,"Um modelo de dados de dados transacionais em um lago de dados permite uma melhor capacidade de armazenar e consultar dados transacionais, pois facilita a representação e a análise de dados que são gerados por transações comerciais.",,,
81,4. Modelagem Direct Lake,Um engenheiro de dados está projetando um modelo de dados para um lago de dados que armazena informações de clientes. Qual é o benefício de usar um modelo de dados de dados de perfil em um lago de dados?,Melhorar a performance de consulta,Reduzir o custo de armazenamento,Aumentar a capacidade de armazenar e consultar dados de perfil,Simplificar a manutenção do esquema de dados,C,"Um modelo de dados de dados de perfil em um lago de dados permite uma melhor capacidade de armazenar e consultar dados de perfil, pois facilita a representação e a análise de dados que descrevem as características e o comportamento dos clientes.",,,
82,4. Modelagem Direct Lake,Um time de engenharia de dados está trabalhando em um projeto de lago de dados e precisa decidir sobre a utilização de um modelo de dados de dados de comportamento. Qual é o principal benefício de usar um modelo de dados de dados de comportamento em um lago de dados?,Melhorar a segurança dos dados,Reduzir o custo de armazenamento,Aumentar a capacidade de armazenar e consultar dados de comportamento,Simplificar a manutenção do esquema de dados,C,"Um modelo de dados de dados de comportamento em um lago de dados permite uma melhor capacidade de armazenar e consultar dados de comportamento, pois facilita a representação e a análise de dados que descrevem as ações e os padrões de comportamento dos clientes.",,,
83,4. Modelagem Direct Lake,Um engenheiro de dados está projetando um modelo de dados para um lago de dados que armazena informações de logs de sistema. Qual é o benefício de usar um modelo de dados de logs em um lago de dados?,Melhorar a performance de consulta,Reduzir o custo de armazenamento,Aumentar a capacidade de armazenar e consultar logs de sistema,Simplificar a manutenção do esquema de dados,C,"Um modelo de dados de logs em um lago de dados permite uma melhor capacidade de armazenar e consultar logs de sistema, pois facilita a representação e a análise de dados que descrevem as atividades do sistema.",,,
84,4. Modelagem Direct Lake,Um time de engenharia de dados está trabalhando em um projeto de lago de dados e precisa decidir sobre a utilização de um modelo de dados de auditoria. Qual é o principal benefício de usar um modelo de dados de auditoria em um lago de dados?,Melhorar a segurança dos dados,Reduzir o custo de armazenamento,Aumentar a capacidade de armazenar e consultar dados de auditoria,Simplificar a manutenção do esquema de dados,C,"Um modelo de dados de auditoria em um lago de dados permite uma melhor capacidade de armazenar e consultar dados de auditoria, pois facilita a representação e a análise de dados que descrevem as atividades de auditoria.",,,
85,4. Modelagem Direct Lake,Um engenheiro de dados está projetando um modelo de dados para um lago de dados que armazena informações de clientes. Qual é o benefício de usar um modelo de dados de dados de relacionamento em um lago de dados?,Melhorar a performance de consulta,Reduzir o custo de armazenamento,Aumentar a capacidade de armazenar e consultar dados de relacionamento,Simplificar a manutenção do esquema de dados,C,"Um modelo de dados de dados de relacionamento em um lago de dados permite uma melhor capacidade de armazenar e consultar dados de relacionamento, pois facilita a representação e a análise de dados que descrevem as relações entre os clientes.",,,
86,4. Modelagem Direct Lake,Um time de engenharia de dados está trabalhando em um projeto de lago de dados e precisa decidir sobre a utilização de um modelo de dados de dados de hierarquia. Qual é o principal benefício de usar um modelo de dados de dados de hierarquia em um lago de dados?,Melhorar a segurança dos dados,Reduzir o custo de armazenamento,Aumentar a capacidade de armazenar e consultar dados de hierarquia,Simplificar a manutenção do esquema de dados,C,"Um modelo de dados de dados de hierarquia em um lago de dados permite uma melhor capacidade de armazenar e consultar dados de hierarquia, pois facilita a representação e a análise de dados que descrevem as relações hierárquicas entre os dados.",,,
87,4. Modelagem Direct Lake,Um engenheiro de dados está projetando um modelo de dados para um lago de dados que armazena informações de vendas. Qual é o benefício de usar um modelo de dados de dados de agregação em um lago de dados?,Melhorar a performance de consulta,Reduzir o custo de armazenamento,Aumentar a capacidade de armazenar e consultar dados de agregação,Simplificar a manutenção do esquema de dados,C,"Um modelo de dados de dados de agregação em um lago de dados permite uma melhor capacidade de armazenar e consultar dados de agregação, pois facilita a representação e a análise de dados que descrevem as somas, médias e outros cálculos agregados.",,,
88,4. Modelagem Direct Lake,Um time de engenharia de dados está trabalhando em um projeto de lago de dados e precisa decidir sobre a utilização de um modelo de dados de dados de transformação. Qual é o principal benefício de usar um modelo de dados de dados de transformação em um lago de dados?,Melhorar a segurança dos dados,Reduzir o custo de armazenamento,Aumentar a capacidade de armazenar e consultar dados de transformação,Simplificar a manutenção do esquema de dados,C,"Um modelo de dados de dados de transformação em um lago de dados permite uma melhor capacidade de armazenar e consultar dados de transformação, pois facilita a representação e a análise de dados que descrevem as transformações aplicadas aos dados.",,,
89,4. Modelagem Direct Lake,Um engenheiro de dados está projetando um modelo de dados para um lago de dados que armazena informações de clientes. Qual é o benefício de usar um modelo de dados de dados de validação em um lago de dados?,Melhorar a performance de consulta,Reduzir o custo de armazenamento,Aumentar a capacidade de armazenar e consultar dados de validação,Simplificar a manutenção do esquema de dados,C,"Um modelo de dados de dados de validação em um lago de dados permite uma melhor capacidade de armazenar e consultar dados de validação, pois facilita a representação e a análise de dados que descrevem as regras de validação aplicadas aos dados.",,,
